,Year,Month,NSE_degC,RMSE_degC,MeanBias_degC,MAE_degC,R2,RMSE_degF,MeanBias_degF,MAE_degF
0,2022,1,-1.927737375548003,0.9511599887623267,-0.6500355336816687,0.8860491572906387,0.03096102836748324,1.712087979772188,-1.1700639606270036,1.5948884831231498
1,2022,2,-0.05457983761186003,1.0315263237691168,-0.31595358225300124,0.9017148260757458,0.06098279483237031,1.8567473827844103,-0.5687164480554022,1.6230866869363425
2,2022,3,0.2777538823198268,1.2380819071886073,1.1291049059182612,1.1291049059182612,0.8848502107965308,2.2285474329394934,2.03238883065287,2.03238883065287
3,2022,4,-0.25121051433675645,1.4515899376331152,1.3147496703388515,1.3147496703388515,0.8231023529971777,2.6128618877396073,2.366549406609933,2.366549406609933
4,2022,5,0.6303184784985582,0.8700250998300297,-0.0044212187883290325,0.6577374050064416,0.8614337562053755,1.5660451796940535,-0.007958193818992258,1.183927329011595
5,2022,6,-2.399390801778395,1.4866201891932445,-1.1881855226937206,1.2727242534354835,0.0057880479241385376,2.67591634054784,-2.138733940848697,2.2909036561838705
6,2022,7,-28.232645035615807,2.2254162062507477,-2.193146353353817,2.193146353353817,0.21300785789313237,4.005749171251346,-3.9476634360368705,3.9476634360368705
7,2022,8,-18.730756696883727,1.9718740290652428,-1.8968214946268391,1.8968214946268391,0.23767711488769272,3.5493732523174373,-3.4142786903283104,3.4142786903283104
8,2022,9,-4.207268743762056,1.4833624347003345,-1.3445313648226067,1.3445313648226067,0.07544345539298597,2.670052382460602,-2.4201564566806923,2.4201564566806923
9,2022,10,,,,,,,,
10,2022,11,,,,,,,,
11,2022,12,,,,,,,,
12,2022,annual,0.8165266970477311,1.4805353499384606,-0.5767788547579212,1.2925157970333518,0.8478529355226743,2.664963629889229,-1.0382019385642582,2.3265284346600335
13,2000,1,-7.3094328971604146,1.1044362628018922,-0.8684742374512183,0.9738943723496356,0.06802710451537809,1.987985273043406,-1.563253627412193,1.7530098702293442
14,2000,2,-2.503424889583055,0.5637447826829809,-0.4992458876069607,0.5031905936778838,0.2619290090414959,1.0147406088293656,-0.8986425976925293,0.9057430686201908
15,2000,3,0.6298427915221236,0.6818537474143423,0.41641654722912547,0.5277849759951839,0.9204037116487693,1.2273367453458162,0.7495497850124259,0.9500129567913311
16,2000,4,0.13961563247582498,0.804603779768935,-0.1433400130671065,0.7099752276629289,0.17497621800829433,1.448286803584083,-0.2580120235207917,1.277955409793272
17,2000,5,-0.19962389033916916,0.9780320662953993,0.5047814741876661,0.789147924088192,0.19819422359399388,1.7604577193317188,0.9086066535377989,1.4204662633587457
18,2000,6,-4.373568399768844,0.5372013516206986,-0.08168712189167332,0.39699394804723503,0.06564878830199761,0.9669624329172575,-0.14703681940501198,0.714589106485023
19,2000,7,-0.48779625573669083,0.35745062599991223,0.04925478661811084,0.28153661675183117,0.0012448433225474022,0.643411126799842,0.08865861591259952,0.5067659101532961
20,2000,8,-1.4904051980714343,0.41233964564893666,0.11664517711925575,0.30027879621753045,0.03326470346483639,0.742211362168086,0.20996131881466035,0.5405018331915549
21,2000,9,-0.15953038248097573,0.7294269438313269,-0.23262969905340464,0.5829981986229439,0.0004118486052937181,1.3129684988963883,-0.41873345829612835,1.049396757521299
22,2000,10,-0.09240413512863666,0.8804355802582058,-0.19337698965503672,0.756523260742231,0.0032997061168022843,1.5847840444647705,-0.3480785813790661,1.3617418693360157
23,2000,11,0.030912654700077424,0.9557941153988491,0.5101238258116195,0.8560374266470447,0.7108494721211308,1.7204294077179283,0.9182228864609152,1.5408673679646805
24,2000,12,0.3046481335892388,0.6343712100555429,-0.4511573812013847,0.5004646822151587,0.661233319585716,1.141868178099977,-0.8120832861624925,0.9008364279872857
25,2000,annual,0.847178444018487,0.7543672718594205,-0.0713315582086796,0.5983366686481307,0.8664648032413975,1.357861089346957,-0.1283968047756233,1.0770060035666353
26,2001,1,-2.614850486369241,1.5728958028162612,1.47160760521808,1.47160760521808,0.6037370274780187,2.83121244506927,2.648893689392544,2.648893689392544
27,2001,2,-0.9292586789924699,1.1800681382268767,0.7483182293904551,0.9855283053882006,0.07994083961771614,2.124122648808378,1.3469728129028193,1.773950949698761
28,2001,3,0.8229997296184933,0.7903607359411674,0.01140124779173857,0.6438421039244544,0.8289170092421456,1.4226493246941014,0.020522246025129427,1.1589157870640179
29,2001,4,0.4566992096463539,0.8884332829261365,0.11019857591553392,0.7597689955522983,0.6401084505398371,1.5991799092670458,0.19835743664796107,1.367584191994137
30,2001,5,-1.4002861355299583,0.918542744710839,-0.6727012770465256,0.7734082700565593,0.0027261718344288905,1.6533769404795102,-1.210862298683746,1.3921348861018068
31,2001,6,-0.5796215562073832,0.7861896511047697,0.289715648675469,0.5701790521240041,0.001536167583447404,1.4151413719885855,0.5214881676158443,1.0263222938232075
32,2001,7,-1.102797112531062,0.34510570069228624,0.16954834702754729,0.2705282228875931,0.01213771212409615,0.6211902612461152,0.30518702464958514,0.4869508011976676
33,2001,8,-1.4288088816709648,0.549576015220649,0.3551744723590407,0.4315753514511693,0.13013632423687416,0.9892368273971682,0.6393140502462733,0.7768356326121048
34,2001,9,-2.015693159357971,0.9291837042568354,0.7933089009908635,0.7933089009908635,0.2935035828199671,1.6725306676623037,1.4279560217835543,1.4279560217835543
35,2001,10,-0.998542944712564,0.9037302461770039,0.6395412796873173,0.7189219922206388,0.015544930646965646,1.6267144431186071,1.1511743034371713,1.2940595859971498
36,2001,11,-0.028763292140939756,1.4930899630896746,1.2231790448759192,1.2231790448759192,0.9085049603146024,2.6875619335614145,2.2017222807766546,2.2017222807766546
37,2001,12,-2.34088770140038,1.1002409956929953,-0.3013417777679349,0.8727032322022759,0.004609496985812048,1.9804337922473916,-0.5424151999822828,1.5708658179640966
38,2001,annual,0.8285634380901598,1.0096916571887804,0.39812356808770805,0.7908166095176605,0.8553269727078584,1.8174449829398047,0.7166224225578744,1.423469897131789
39,2002,1,0.24739760372612352,1.0011027048267298,0.48935010121360845,0.8649784935674968,0.4617440546887772,1.8019848686881137,0.8808301821844953,1.5569612884214943
40,2002,2,0.366560549043382,0.7818787865177319,0.1439905806525464,0.6513159995434368,0.6840928188321598,1.4073818157319176,0.25918304517458357,1.1723687991781861
41,2002,3,0.2695010909373011,1.2384151399788328,0.9853446598166906,1.0895180190773133,0.9245889002251269,2.229147251961899,1.7736203876700432,1.9611324343391638
42,2002,4,0.4954942002958751,0.7765669553181713,-0.07464762187771855,0.6644764558470525,0.7787833089847306,1.3978205195727085,-0.1343657193798934,1.1960576205246944
43,2002,5,0.23510739629455524,0.5142012596776243,-0.05048340540775898,0.43395288119590286,0.31140780001335705,0.9255622674197238,-0.09087012973396617,0.7811151861526252
44,2002,6,0.11885283135671232,0.3421012122613669,0.03381386024744361,0.28931074204421364,0.1959363568310782,0.6157821820704604,0.0608649484453985,0.5207593356795845
45,2002,7,-3.15960436917263,0.4044886735715637,0.045068954214454296,0.3479366666512614,0.02847121218078905,0.7280796124288147,0.08112411758601773,0.6262859999722705
46,2002,8,-0.5852691848380476,0.40548020887483155,0.033290366853897295,0.29381160994826233,0.0015193004996746282,0.7298643759746968,0.059922660337015134,0.5288608979068722
47,2002,9,0.43784362238243524,0.29325990440265387,-0.09663990464669989,0.2473350317228147,0.5982415129773301,0.5278678279247769,-0.1739518283640598,0.4452030571010665
48,2002,10,-0.14380799044582182,0.7484152180477099,0.019570988564112327,0.5801031091957253,0.020490539829718213,1.347147392485878,0.03522777941540219,1.0441855965523055
49,2002,11,-0.10383721029622728,0.6214110192892012,0.007219541441736214,0.4929445593918251,0.0027065538776426578,1.1185398347205622,0.012995174595125185,0.8873002069052851
50,2002,12,0.6653366018845202,0.7189226284027076,-0.401142174166006,0.5452023579147374,0.782680996359725,1.2940607311248737,-0.7220559134988108,0.9813642442465272
51,2002,annual,0.8894173403863318,0.7085551206060776,0.09554821023828244,0.5421354764971646,0.8931713501069485,1.2753992170909398,0.17198677842890842,0.9758438576948963
52,2003,1,-6.257306263863737,0.8554091654673248,-0.7563711122039356,0.7563711122039356,0.05264987804479729,1.5397364978411847,-1.3614680019670842,1.3614680019670842
53,2003,2,-0.6717599961434357,0.692098747716969,0.45406706244538775,0.515320977251439,0.04781879068864656,1.2457777458905441,0.817320712401698,0.9275777590525902
54,2003,3,0.637572663319695,0.6435227235808627,0.15591815941245554,0.5313475038976863,0.8426766173729766,1.1583409024455529,0.28065268694241996,0.9564255070158353
55,2003,4,-0.07803686141735566,1.1884068649175918,0.9289507653963417,0.9802301328437414,0.6533226138048605,2.1391323568516656,1.6721113777134151,1.7644142391187345
56,2003,5,-0.36223041130998235,1.0857917450989583,0.8241132913695408,0.8422417270446514,0.4345024055023172,1.9544251411781248,1.4834039244651736,1.5160351086803725
57,2003,6,-0.36524252436432025,0.3621832629236597,-0.19725035170228697,0.3025988233199067,0.044427426530113785,0.6519298732625874,-0.35505063306411655,0.544677881975832
58,2003,7,-0.29396695102439296,0.30869277241459236,-0.05125423324997792,0.26662629370871493,0.03126439939241365,0.5556469903462663,-0.09225761984996025,0.4799273286756869
59,2003,8,0.6536325880985386,0.2950730482638888,0.12882382800824163,0.22203673537263077,0.7384170535300024,0.5311314868749999,0.23188289041483495,0.3996661236707354
60,2003,9,-0.297648614500831,0.42113623966034985,-0.11355003903105339,0.3294152273399219,0.00520772135725551,0.7580452313886298,-0.2043900702558961,0.5929474092118594
61,2003,10,0.01618062957746713,0.675397334289482,-0.4527454631952858,0.538665119405374,0.8868255352173047,1.2157152017210677,-0.8149418337515144,0.9695972149296732
62,2003,11,-0.04389839204026713,0.7242660108980739,-0.0414697794749113,0.6376473701445536,0.007203796891025498,1.303678819616533,-0.07464560305484035,1.1477652662601965
63,2003,12,0.5633135950292742,0.6862727160115606,-0.1925751475238712,0.5598556645999794,0.8026568528069148,1.2352908888208092,-0.34663526554296814,1.0077401962799628
64,2003,annual,0.8631954643404136,0.7162246394143157,0.05300680713765958,0.5401567200430306,0.8676957701044353,1.2892043509457682,0.09541225284778725,0.9722820960774551
65,2004,1,-0.024444969105689607,0.6337399001405063,-0.0965006810906038,0.5162999860681171,0.08968833655976112,1.1407318202529113,-0.17370122596308682,0.9293399749226108
66,2004,2,-0.37099812017747613,0.7283095275471574,0.016853728529303717,0.6406550930237849,0.11868151751480417,1.3109571495848833,0.030336711352746692,1.153179167442813
67,2004,3,0.7324130152760993,0.7384561129542367,-0.20759380800921412,0.6265357592914429,0.7680665739920961,1.3292210033176262,-0.3736688544165854,1.1277643667245973
68,2004,4,0.6560329243782985,0.5976661557392241,0.06503852070450175,0.5068336988707942,0.8573594100260796,1.0757990803306035,0.11706933726810316,0.9123006579674297
69,2004,5,0.634471814125505,0.37625270732248783,-0.08883461563227865,0.3091536360384051,0.7219061596649935,0.6772548731804782,-0.15990230813810158,0.5564765448691292
70,2004,6,0.3302629520628637,0.37999655420101525,0.15955436337986986,0.3076426537187541,0.5739498944430161,0.6839937975618274,0.28719785408376575,0.5537567766937574
71,2004,7,-10.415739645588594,0.6095498742186175,0.5284508785973515,0.5284508785973515,0.011398043557405563,1.0971897735935114,0.9512115814752328,0.9512115814752328
72,2004,8,-1.741664102758996,0.5224273099376007,0.1841003005907978,0.3779332962412644,0.11627399043564055,0.9403691578876813,0.33138054106343606,0.6802799332342759
73,2004,9,-1.3412919886236745,0.5342220956098934,0.07753333062892752,0.4520175490557644,0.013735396938413812,0.9615997720978082,0.13955999513206954,0.813631588300376
74,2004,10,-0.19085786726659904,1.043983484478495,0.20020739273643687,0.9459400636466325,0.03062916804040279,1.879170272061291,0.3603733069255864,1.7026921145639387
75,2004,11,0.034928203898995536,1.112549229835939,0.8925826109261011,0.8925826109261011,0.8191627226005638,2.00258861370469,1.606648699666982,1.606648699666982
76,2004,12,0.21806360256766166,0.7967443394285268,-0.12352228885008613,0.6752218683635183,0.32089878846402575,1.4341398109713483,-0.22234011993015504,1.215399363054333
77,2004,annual,0.901830140835942,0.7077130986736995,0.13282935908509927,0.564800254673445,0.9090693387637153,1.2738835776126591,0.23909284635317868,1.016640458412201
78,2005,1,-0.6629631575029955,1.0556778344367912,0.2794756964567367,0.9142991619223819,0.27101814057780277,1.9002201019862242,0.503056253622126,1.6457384914602875
79,2005,2,0.2905185015858903,0.6074915907943809,-0.03503094108793313,0.5424058217035961,0.5403311294039992,1.0934848634298855,-0.06305569395827963,0.976330479066473
80,2005,3,-0.21424445730952857,0.9971516260616616,0.5274682712542706,0.8751986511620339,0.12703461432724647,1.7948729269109909,0.9494428882576872,1.575357572091661
81,2005,4,0.32584660074786453,0.8298693413765744,0.46923485605862914,0.6678633218958414,0.6413760584036405,1.493764814477834,0.8446227409055325,1.2021539794125147
82,2005,5,0.41960880134796896,0.6826893440980566,-0.11236622958330392,0.5342811005312091,0.4385957728152162,1.228840819376502,-0.20225921324994706,0.9617059809561764
83,2005,6,0.06585154141357297,0.6039134399749074,0.3263083351269477,0.38153568922036707,0.500289482159244,1.0870441919548335,0.5873550032285059,0.6867642405966607
84,2005,7,-1.5849858430096049,0.4423321853053941,0.1587640399368857,0.31856643371594745,0.05014766261377211,0.7961979335497094,0.2857752718863943,0.5734195806887055
85,2005,8,0.2457881603381078,0.3274398124224102,0.0574999588446152,0.2807574176237826,0.29019753231222545,0.5893916623603384,0.10349992592030736,0.5053633517228087
86,2005,9,-1.2764237235940592,0.5520225295935737,0.4218738020648594,0.4552680300675096,0.06782692665745216,0.9936405532684326,0.759372843716747,0.8194824541215173
87,2005,10,-1.9339072046445516,0.5051523053864788,0.3369188120100597,0.37024799688021354,9.007589736802897e-06,0.9092741496956619,0.6064538616181074,0.6664463943843844
88,2005,11,0.3582474119334046,0.8181330759750394,0.49197681022507,0.6026349510040221,0.9097455159032773,1.4726395367550709,0.885558258405126,1.0847429118072398
89,2005,12,-1.3332426571642615,1.2890774387359978,-0.13056002728822064,1.0621623113640724,0.25424207059538495,2.320339389724796,-0.23500804911879716,1.9118921604553303
90,2005,annual,0.8565953158255164,0.7759925617691293,0.23269633951880925,0.58473240559595,0.8715402656257997,1.396786611184433,0.41885341113385666,1.05251833007271
91,2006,1,-1.3183529237328009,0.848834016481627,-0.7882541071177412,0.7882541071177412,0.6881305012850591,1.5279012296669288,-1.4188573928119343,1.4188573928119343
92,2006,2,0.1466721865598506,0.5989218426270655,0.2736287710244389,0.5135184543280917,0.3291660433682887,1.078059316728718,0.49253178784399,0.9243332177905651
93,2006,3,-0.695427207969467,0.5918858821110466,0.36359727587537266,0.4573478331932124,0.09832718109786917,1.065394587799884,0.6544750965756708,0.8232260997477824
94,2006,4,0.8121973647390266,0.5245312520021349,0.028830167368202333,0.40830836681945837,0.8436266037489438,0.9441562536038428,0.0518943012627642,0.7349550602750251
95,2006,5,0.43501475550081137,0.5857541914614094,0.11506607142426382,0.5246810065867794,0.5366699058328103,1.0543575446305369,0.2071189285636749,0.944425811856203
96,2006,6,-0.9590525732927226,0.6007776168694164,-0.2801326953403934,0.4924354284049131,0.011076600252239745,1.0813997103649495,-0.5042388516127082,0.8863837711288436
97,2006,7,-1.3005076631809285,0.38599025925197034,-0.19622301074779147,0.3172974762964957,0.040769333759018755,0.6947824666535466,-0.35320141934602467,0.5711354573336922
98,2006,8,-1.686326500677767,0.5125555052140214,0.4223261096851462,0.4247021384168693,0.1558618151969914,0.9225999093852385,0.7601869974332632,0.7644638491503648
99,2006,9,-1.3596393879056228,0.4665895777743208,0.38503810113940734,0.4004478481117518,0.2520108088858916,0.8398612399937775,0.6930685820509332,0.7208061266011533
100,2006,10,-0.6007318849209391,0.5931218422967595,0.18571878769074246,0.4294285414931012,0.26856224824012725,1.0676193161341672,0.33429381784333645,0.7729713746875823
101,2006,11,0.04211216867177969,1.1592678949538575,0.38548114736000355,0.9282384585848088,0.18992520465906115,2.0866822109169436,0.6938660652480064,1.6708292254526558
102,2006,12,0.44533584666077464,0.773764328470037,0.36381338236084415,0.610720139661245,0.6013135889697476,1.3927757912460665,0.6548640882495195,1.0992962513902411
103,2006,annual,0.8935951087504181,0.6662820211261922,0.10324790955834746,0.5243473652179269,0.8979499700927774,1.199307638027146,0.18584623720502544,0.9438252573922684
104,2007,1,-1.0527990353496377,0.8616606928315234,0.6313494822446096,0.6766477964581615,0.12555259975038524,1.5509892470967421,1.1364290680402973,1.2179660336246907
105,2007,2,0.3887892877938709,0.6925185790372076,0.18059185759430646,0.5612758294565485,0.5394213881586437,1.2465334422669736,0.32506534366975165,1.0102964930217875
106,2007,3,0.38193333046533395,1.215284814070843,0.8357384442572903,0.9399682017581857,0.7015049673842192,2.1875126653275174,1.5043291996631225,1.6919427631647344
107,2007,4,-1.8920605503685075,1.593522929957039,1.108013610231389,1.2468147946540569,0.168402568905134,2.8683412739226704,1.9944244984165,2.2442666303773025
108,2007,5,-0.47079435238409784,0.8972618294632047,0.44603268434869414,0.6347029086033358,0.0030134846849889717,1.6150712930337685,0.8028588318276495,1.1424652354860045
109,2007,6,0.12328671657629742,0.5506079946477824,0.23163595838295895,0.45123621183758633,0.3227449178517173,0.9910943903660084,0.4169447250893261,0.8122251813076554
110,2007,7,-0.8962241572907954,0.5067283178341042,0.28997446511990455,0.40729237907118926,0.04606992854602539,0.9121109721013876,0.5219540372158282,0.7331262823281407
111,2007,8,-0.27235614988651524,0.3095210692566385,0.14224519526822405,0.2520539066211622,0.13915254186026949,0.5571379246619493,0.25604135148280327,0.453697031918092
112,2007,9,-1.4534232592246852,0.7862777219998063,0.388792868314279,0.570371334579432,0.23738332745416163,1.4152998995996513,0.6998271629657022,1.0266684022429777
113,2007,10,-4.347189477831267,0.8387060866797933,0.7769410566280096,0.7769410566280096,0.37364546458031045,1.5096709560236279,1.3984939019304172,1.3984939019304172
114,2007,11,0.39409894229614784,0.8597972672794676,0.41743248552559364,0.6040344006306622,0.8732211595613182,1.5476350811030417,0.7513784739460686,1.087261921135192
115,2007,12,0.5691162792905424,0.6930615204751387,0.48663466333291844,0.5646125874628319,0.7898601687841929,1.2475107368552496,0.8759423939992532,1.0163026574330976
116,2007,annual,0.8525647189692234,0.8771247696702463,0.49673757647522293,0.6402964641384237,0.9005136848207257,1.5788245854064433,0.8941276376554013,1.1525336354491627
117,2008,1,-0.5793667721581035,0.8302276063806505,0.7281041869414087,0.7430478957091132,0.6367966889933765,1.494409691485171,1.3105875364945356,1.3374862122764037
118,2008,2,0.36600312359090004,0.9192097071572449,-0.049595702234552216,0.6986425801656352,0.7571385573244256,1.654577472883041,-0.08927226402219399,1.2575566442981434
119,2008,3,-0.2645048064397879,0.9506814658173234,-0.7461076352811036,0.8093822429235192,0.6551710087437677,1.711226638471182,-1.3429937435059864,1.4568880372623347
120,2008,4,-0.4962734142564127,1.0642357019756863,-0.8775694507791179,0.9315009536164999,0.6697042731533447,1.9156242635562353,-1.5796250114024122,1.6767017165096998
121,2008,5,-1.0052351382220945,1.1771237400324879,-0.5702077259976722,1.0160886048024544,0.027906426811349822,2.118822732058478,-1.02637390679581,1.828959488644418
122,2008,6,0.6409677623827454,0.2920244533850038,0.10811914634724965,0.2570894113947195,0.6941382114683124,0.5256440160930069,0.19461446342504937,0.46276094051049516
123,2008,7,-2.5609416866322423,0.7612139946389442,0.5120065112890724,0.6352802895357493,0.16342427917596086,1.3701851903500997,0.9216117203203303,1.1435045211643489
124,2008,8,-0.678942377994791,0.3797806634140227,0.13638345510392996,0.28656607359468306,0.00632571620555758,0.6836051941452409,0.24549021918707395,0.5158189324704295
125,2008,9,-5.717314166061472,0.940605630604131,0.6085857563709299,0.7579898647104947,0.23294253287740413,1.6930901350874359,1.095454361467674,1.3643817564788905
126,2008,10,-1.0357619501048787,0.9843228252570114,0.8007286330124653,0.8260884126370879,0.4315610784342855,1.7717810854626206,1.4413115394224376,1.4869591427467581
127,2008,11,0.6658104373495654,0.4559984747826994,0.17645440797946457,0.38425608034534314,0.8270207608735108,0.8207972546088589,0.31761793436303626,0.6916609446216176
128,2008,12,0.7474658887540876,0.6750846504406149,0.3615609011959871,0.5726913996805901,0.8228222332207716,1.215152370793107,0.6508096221527768,1.0308445194250622
129,2008,annual,0.9137957944577076,0.8310192956474036,0.10089054247797945,0.6605169852792192,0.9188629270115588,1.4958347321653265,0.181602976460363,1.1889305735025946
130,2009,1,-0.13241950569745775,0.7157288505097923,-0.09841090367677896,0.5182942093690043,0.0041448530791316175,1.288311930917626,-0.17713962661820212,0.9329295768642077
131,2009,2,0.15119583318965335,1.0179095564870702,-0.07644473300943003,0.8341415052202252,0.16106677373668848,1.8322372016767263,-0.13760051941697404,1.5014547093964055
132,2009,3,0.21217109425033276,1.2005367670913514,-0.8277871676509896,0.9596243760592371,0.8028375099318097,2.1609661807644325,-1.4900169017717813,1.7273238769066268
133,2009,4,-0.43171716914340164,1.1622982194771607,-0.9959995691209269,0.9959995691209269,0.8250484305018276,2.0921367950588894,-1.7927992244176685,1.7927992244176685
134,2009,5,-0.1733115801280123,1.3826011667068165,-1.107669845516842,1.2447499583232007,0.8523800666017315,2.48868210007227,-1.9938057219303158,2.240549924981761
135,2009,6,-1.4970408325364573,0.75342815084879,-0.6388658387512087,0.6629542979280364,0.38403851519118976,1.3561706715278221,-1.1499585097521758,1.1933177362704654
136,2009,7,-3.534923427038594,0.6494033391450049,0.20696826701772297,0.5278104036416499,0.4281372244313595,1.1689260104610089,0.3725428806319014,0.9500587265549698
137,2009,8,-3.8821370768219845,0.6971846850144969,0.5927020445431738,0.6168357239977523,0.026824382918444592,1.2549324330260945,1.0668636801777127,1.1103043031959543
138,2009,9,-1.922516894843607,0.7994861428856039,0.30780644300664023,0.4963551916584811,0.05710288293911432,1.4390750571940871,0.5540515974119524,0.893439344985266
139,2009,10,-7.1545779892573655,1.6902258954197984,1.603756684945229,1.603756684945229,0.18703024628298004,3.042406611755637,2.8867620329014123,2.8867620329014123
140,2009,11,0.30937586563742003,0.937784990885248,0.8465083910335387,0.8465083910335387,0.9076025600852977,1.6880129835934465,1.5237151038603698,1.5237151038603698
141,2009,12,0.19299429228665133,0.9155364837918863,0.20752692310568252,0.719088813746123,0.34230991362191027,1.6479656708253954,0.37354846159022853,1.2943598647430214
142,2009,annual,0.8483149507625278,1.0398054891084438,0.003651222867288758,0.8364532901669693,0.8617010557605538,1.8716498803951989,0.006572201161119765,1.5056159223005448
143,2010,1,-0.46604338089752195,0.6845358399416995,-0.43759562606354885,0.5360115740943346,0.24596299426658164,1.2321645118950593,-0.7876721269143879,0.9648208333698024
144,2010,2,-0.6842042945572822,0.9658344615490555,-0.808047246232656,0.8461043028722331,0.7512877086068824,1.7385020307883,-1.4544850432187808,1.5229877451700198
145,2010,3,0.5651472832740148,0.7084891572636526,-0.09454538928570422,0.6169886071482032,0.8924352557756685,1.2752804830745748,-0.1701817007142676,1.1105794928667658
146,2010,4,0.4738386798654163,1.124788477998471,0.11685602037879175,0.9694952236089309,0.8591714404100753,2.0246192603972477,0.21034083668182516,1.7450914024960757
147,2010,5,0.22854523476217914,0.7107363806523244,-0.009027512993253056,0.5992153749838184,0.255620603063915,1.279325485174184,-0.0162495233878555,1.0785876749708732
148,2010,6,0.20656310582027737,0.4838042702993624,-0.06889569834549375,0.406858913976876,0.23506167590749777,0.8708476865388524,-0.12401225702188876,0.7323460451583769
149,2010,7,-15.901923045488932,0.7810218987761925,-0.7424371047672791,0.7424371047672791,0.0022287887864845908,1.4058394177971467,-1.3363867885811025,1.3363867885811025
150,2010,8,-0.730153356031334,0.4597859604090439,-0.25471810752907215,0.40252726681570355,0.06760367996645521,0.8276147287362791,-0.45849259355232985,0.7245490802682664
151,2010,9,-0.5456227250721368,0.47043101107821084,-0.2310677301955252,0.38174939367865096,0.08928877699972043,0.8467758199407796,-0.41592191435194537,0.6871489086215717
152,2010,10,0.1132933043069001,0.8792850897044072,-0.4326475179885332,0.7632327531826919,0.7657781248687143,1.582713161467933,-0.7787655323793597,1.3738189557288454
153,2010,11,0.2556626973651873,1.1596145852818778,-0.7167997814749831,1.0101559554604245,0.8058025653111439,2.08730625350738,-1.2902396066549697,1.818280719828764
154,2010,12,-4.334902990563905,1.407125702902215,-1.3407186933136546,1.3407186933136546,0.5556674199191033,2.5328262652239872,-2.4132936479645783,2.4132936479645783
155,2010,annual,0.8160840739754721,0.8674218335134005,-0.4172189783391864,0.7171884320154663,0.8672123741345634,1.561359300324121,-0.7509941610105356,1.2909391776278394
156,2011,1,-0.0955636594057705,0.4894156824681166,-0.21852169290021772,0.3606382195787712,0.19612376288101577,0.8809482284426099,-0.3933390472203919,0.6491487952417881
157,2011,2,-1.1092766588083367,1.3216309418057102,1.2273467766388204,1.2273467766388204,0.7305067188016902,2.3789356952502785,2.209224197949877,2.209224197949877
158,2011,3,0.21860968970670425,0.6917513803995837,0.49017713080642406,0.5882872826994928,0.6663045950453729,1.2451524847192508,0.8823188354515633,1.0589171088590872
159,2011,4,0.1466551520762318,1.0575603093285537,0.7911771477967626,0.8421799888718657,0.6401994198427886,1.9036085567913967,1.4241188660341728,1.5159239799693585
160,2011,5,0.11291846927910087,1.0718017145948753,0.4315243232317557,0.791700712567531,0.2722038385567666,1.9292430862707755,0.7767437818171603,1.4250612826215558
161,2011,6,0.013232652249238641,0.9415359654430667,0.2672803174838284,0.7232575663274095,0.09346812334508915,1.6947647377975201,0.48110457147089114,1.3018636193893371
162,2011,7,-2.3113637770053574,0.5311372376160737,-0.446402931490816,0.48453826072860573,0.06621640490197497,0.9560470277089327,-0.8035252766834688,0.8721688693114903
163,2011,8,-14.709530352107555,0.5454037016362664,-0.4956531251487516,0.5002256111424858,0.03225558837425772,0.9817266629452795,-0.8921756252677528,0.9004061000564744
164,2011,9,-0.44866352821055333,0.5343734851575604,-0.0966233369259923,0.45024594620054975,0.41893319612544727,0.9618722732836088,-0.17392200646678616,0.8104427031609895
165,2011,10,0.5058805251858285,0.479461129085173,0.1235635086535635,0.3708963429079904,0.8209834568427345,0.8630300323533114,0.2224143155764143,0.6676134172343827
166,2011,11,-0.08183264561829828,0.43923145519920087,-0.29484482712369586,0.3274874782525973,0.4293005672323081,0.7906166193585615,-0.5307206888226526,0.5894774608546751
167,2011,12,-0.11520315300438244,0.4420799603098203,-0.010063321720385413,0.3159072746774563,0.03277234455673038,0.7957439285576765,-0.018113979096693742,0.5686330944194213
168,2011,annual,0.87429464477544,0.7628937500622367,0.1383252860745008,0.5765447779967999,0.8790819542100458,1.373208750112026,0.24898551493410143,1.0377806003942398
169,2012,1,0.43381019320752534,0.6097604907943589,0.11812907613375918,0.48049515380071334,0.46345998141899514,1.097568883429846,0.21263233704076653,0.864891276841284
170,2012,2,0.22785602001336458,0.49760631006023504,-0.11950752060555926,0.4130610974103129,0.44846691814044437,0.895691358108423,-0.21511353709000666,0.7435099753385632
171,2012,3,-0.7919187244223984,0.7619108332320217,0.6286465042130139,0.6394781795040163,0.5232800390230053,1.3714394998176391,1.131563707583425,1.1510607231072294
172,2012,4,0.2214980257842788,1.645793103513878,-0.8559750616639205,1.21704876959522,0.6511818388183486,2.9624275863249805,-1.5407551109950568,2.190687785271396
173,2012,5,-0.48297048417169197,0.7556143573997476,-0.3951381786775341,0.5894316426849672,0.00428140849389682,1.3601058433195456,-0.7112487216195614,1.060976956832941
174,2012,6,0.08612396133626954,0.6697091749716672,0.1778611388646088,0.5696810365760403,0.19045908304164724,1.205476514949001,0.32015004995629587,1.0254258658368727
175,2012,7,-2.547660372541684,0.504681882603842,0.2827962106359357,0.4497606988182862,0.001406819335214771,0.9084273886869155,0.5090331791446843,0.8095692578729151
176,2012,8,-0.23882169888863558,0.4385479017005645,0.25322437250650726,0.34528993797128704,0.1760467600208241,0.7893862230610161,0.45580387051171306,0.6215218883483167
177,2012,9,-0.29333471671605915,0.35201126225950824,-0.06852622899518407,0.3213883549131652,0.007197657149491691,0.6336202720671148,-0.12334721219133132,0.5784990388436974
178,2012,10,0.48880880363022816,0.4818523041361373,-0.23765901731437133,0.4144442685128058,0.8247210411360031,0.8673341474450471,-0.4277862311658684,0.7459996833230504
179,2012,11,-2.194277779571116,1.223770166097116,-1.0649571136948643,1.0649571136948643,0.2621532535284293,2.202786298974809,-1.9169228046507558,1.9169228046507558
180,2012,12,0.4512911584927285,1.3664544203191853,-0.4601908910085792,1.003682952650883,0.7008974739670445,2.4596179565745335,-0.8283436038154426,1.8066293147715895
181,2012,annual,0.8492418950091802,0.8694902065001752,-0.14188411391008562,0.625057644591556,0.8535948277647413,1.5650823717003153,-0.2553914050381541,1.1251037602648009
182,2013,1,-0.5509266986650354,0.9634142695903776,0.5918835710406929,0.8028854840752158,0.03574742605203325,1.7341456852626798,1.0653904278732473,1.4451938713353885
183,2013,2,0.11890602647017257,0.4809549796467381,0.2836408716962254,0.3894948724246619,0.6522127451019617,0.8657189633641286,0.5105535690532058,0.7010907703643915
184,2013,3,0.37972534995482854,0.8130812165208057,0.6459569495405699,0.6552216927423646,0.7740064219377676,1.4635461897374502,1.162722509173026,1.1793990469362563
185,2013,4,-2.2017399839477285,1.3378286543441655,0.6149632558081214,1.0886765820570072,0.09992488628844799,2.4080915778194982,1.1069338604546186,1.9596178477026132
186,2013,5,0.36434980043074205,0.4823688106959921,-0.11159962313238096,0.3951323228693901,0.4131956429655846,0.8682638592527857,-0.20087932163828573,0.7112381811649022
187,2013,6,-0.1729226683027869,0.8376192400200735,0.0666997849896451,0.762262675092325,0.002938404793837025,1.5077146320361323,0.12005961298136118,1.3720728151661852
188,2013,7,-2.1638042664999313,0.5052425640467088,-0.33012833608355174,0.42404830520709796,0.17631355258277753,0.9094366152840758,-0.5942310049503932,0.7632869493727763
189,2013,8,-1.5440831676481261,0.5071985849889441,-0.2749974914056802,0.4015557444700479,0.267277402021,0.9129574529800994,-0.49499548453022435,0.7228003400460862
190,2013,9,0.17793326503153273,0.5918981625384276,-0.18507665998209025,0.5046648765376918,0.3476862747240593,1.0654166925691697,-0.33313798796776245,0.9083967777678452
191,2013,10,-2.86920337952325,0.7230557419838132,0.3488120360619447,0.5748262701524576,0.16616561643052447,1.3015003355708636,0.6278616649115005,1.0346872862744236
192,2013,11,-0.11948786349693807,0.9895997653993333,0.882277264412878,0.8851275447230338,0.7756670737401855,1.7812795777188,1.5880990759431806,1.593229580501461
193,2013,12,-0.05243417947630458,0.967476703117708,-0.1961725163743711,0.8668693562403633,0.12086212575840165,1.7414580656118743,-0.353110529473868,1.560364841232654
194,2013,annual,0.9078562733295433,0.8086859523704568,0.19231300285867087,0.6462041677497461,0.9137257237325971,1.4556347142668222,0.34616340514560756,1.163167501949543
195,2014,1,-0.01018478003272194,0.44253147194409476,0.16602479074032975,0.36860785415346553,0.1320886282448448,0.7965566494993706,0.29884462333259354,0.663494137476238
196,2014,2,0.33955673960153177,0.881572312070699,0.3180261612382891,0.6671781987803466,0.6188169069680793,1.5868301617272582,0.5724470902289204,1.200920757804624
197,2014,3,-0.7914324687526972,0.956270170569162,0.8282145822429826,0.8282145822429826,0.6116226091145152,1.7212863070244915,1.4907862480373688,1.4907862480373688
198,2014,4,0.6078054071097341,1.127479979199827,0.06831535017645726,0.8799894718949695,0.9560886879095256,2.0294639625596886,0.12296763031762308,1.583981049410945
199,2014,5,0.32570731000851616,0.6762882846495017,-0.4223629131675274,0.5530330600483653,0.6327102629486746,1.2173189123691033,-0.7602532437015493,0.9954595080870575
200,2014,6,-1.6253256650944148,0.763203498725576,-0.5037848070298154,0.5922624054809984,0.13800598283574633,1.373766297706037,-0.9068126526536678,1.0660723298657973
201,2014,7,-2.82447370231371,0.6912594698824288,-0.5169981886860895,0.5569014108896786,0.001782507403133291,1.244267045788372,-0.9305967396349611,1.0024225396014215
202,2014,8,-1.0115803561226255,0.4932297726362876,0.07025200775484552,0.38215308601245285,0.19237726452293136,0.8878135907453176,0.12645361395872196,0.6878755548224151
203,2014,9,0.38563484913197765,0.4563268222731494,0.28801979802416977,0.356169486734501,0.6693921183788348,0.821388280091669,0.5184356364435057,0.6411050761221018
204,2014,10,-0.5465622811582296,1.1485609520437152,0.8224788939430676,0.9636760128721474,0.2679094610226279,2.0674097136786873,1.4804620090975218,1.7346168231698653
205,2014,11,0.3208087218846851,0.9771245831856444,0.8279794097485175,0.8279794097485175,0.8292852994549808,1.75882424973416,1.4903629375473315,1.4903629375473315
206,2014,12,0.24061177551305923,1.4651059545870477,-1.0201835243119493,1.2468744455487648,0.6187301171167241,2.637190718256686,-1.8363303437615086,2.2443740019877767
207,2014,annual,0.9025725329623087,0.892358786655485,0.07416663053763672,0.6856336624285558,0.9035985200216783,1.606245815979873,0.13349993496774612,1.2341405923714006
208,2015,1,-0.08476138251757437,1.0624998777094905,-0.3520820693661763,0.914159935123007,0.03462171287466527,1.9124997798770829,-0.6337477248591173,1.6454878832214126
209,2015,2,-0.2661057277049985,0.7261278821694628,-0.3837823163402576,0.6101046122277377,0.11276547207014119,1.307030187905033,-0.6908081694124637,1.098188302009928
210,2015,3,0.1868620363447433,1.1583194025264,0.8996442782391576,0.9870638449251097,0.9536638179549448,2.08497492454752,1.6193597008304836,1.7767149208651976
211,2015,4,0.5362045349145454,0.9294042193330798,0.45852927719339637,0.7260647545407458,0.8872177007978338,1.6729275947995437,0.8253526989481135,1.3069165581733424
212,2015,5,0.22744214580410183,0.6222829911168396,0.08377462674399452,0.49869078864200883,0.29059411787050765,1.1201093840103113,0.15079432813919014,0.8976434195556159
213,2015,6,-0.9015740304488236,0.8721884604050877,-0.7613680104379207,0.7784204792075375,0.5852952790131619,1.5699392287291578,-1.3704624187882573,1.4011568625735675
214,2015,7,-2.281902154482918,0.9626804724120493,-0.7844248861978297,0.7927374908126767,0.0022056064668876693,1.7328248503416888,-1.4119647951560934,1.4269274834628183
215,2015,8,-2.64764786018513,0.6894210978951946,-0.5687506063885368,0.6198048620718094,0.01858114591707547,1.2409579762113503,-1.0237510914993664,1.115648751729257
216,2015,9,-0.0009895604037095662,0.6173255282178761,-0.05279537660288689,0.465449907625239,0.021042922051714076,1.111185950792177,-0.09503167788519641,0.8378098337254303
217,2015,10,-3.1151804374650114,1.126959638258196,0.5441859848946989,0.9160683259371349,0.5378435515909314,2.0285273488647526,0.9795347728104581,1.648922986686843
218,2015,11,-1.451982031541589,1.9291492580547929,1.81031076921091,1.81031076921091,0.7652206873216622,3.4724686644986273,3.258559384579638,3.258559384579638
219,2015,12,0.7844200616835431,0.5870235830297654,0.15199318768261108,0.426981763300305,0.8047844196085734,1.0566424494535778,0.27358773782869994,0.7685671739405491
220,2015,annual,0.8751549064188479,1.005042512586099,0.08794233125266643,0.7953726679317348,0.8773722083207479,1.809076522654978,0.15829619625479957,1.4316708022771227
221,2016,1,-1.603499969649358,1.4933476798552519,-1.0017773771490914,1.2955771928701223,0.21343407848494692,2.688025823739453,-1.8031992788683646,2.3320389471662204
222,2016,2,0.16262168550640166,1.0145593646872941,-0.599093701949563,0.9325823110929875,0.8394345158338937,1.8262068564371294,-1.0783686635092136,1.6786481599673775
223,2016,3,-0.9245299666269591,1.0095743422253738,0.5220571972611369,0.8414774917588268,0.3648715337817417,1.817233816005673,0.9397029550700464,1.5146594851658883
224,2016,4,-0.6166157899153684,0.959517476675502,0.37652683520894425,0.7259710908951338,0.13937971525456933,1.7271314580159036,0.6777483033760997,1.306747963611241
225,2016,5,0.2552724811420237,0.82988520795067,-0.09131487409393008,0.7021256950633146,0.26680599938182903,1.493793374311206,-0.16436677336907415,1.2638262511139662
226,2016,6,0.10164367547219777,0.7322434456504566,-0.40024560010383275,0.6477069807955663,0.47764130130967464,1.318038202170822,-0.7204420801868989,1.1658725654320194
227,2016,7,-5.93497801132793,0.685729197082144,-0.6357114818201065,0.6357114818201065,0.04364933056944335,1.2343125547478593,-1.1442806672761918,1.1442806672761918
228,2016,8,-0.2068621325869715,0.44684867411604984,-0.36986692637780716,0.3788741200764817,0.6847719995852705,0.8043276134088897,-0.6657604674800529,0.681973416137667
229,2016,9,0.32670236159247557,0.22551417083648106,-0.051819661864525496,0.19144831129105674,0.36225397069963666,0.4059255075056659,-0.09327539135614589,0.34460696032390215
230,2016,10,0.2734208965984334,0.3556085193110325,-0.2085409750648772,0.28964957475493364,0.5432681228816071,0.6400953347598585,-0.37537375511677895,0.5213692345588805
231,2016,11,-0.26100346588721557,1.1157648838842744,-0.8769751604118662,0.9559449775717312,0.7623905232783369,2.008376790991694,-1.5785552887413592,1.7207009596291163
232,2016,12,0.45731151224477384,0.5764247796494724,-0.06395549292301092,0.4307887915401499,0.47039187787828624,1.0375646033690502,-0.11511988726141965,0.7754198247722698
233,2016,annual,0.8762124603981502,0.858095908669101,-0.2821626579422786,0.6679709361276046,0.8962568135968971,1.5445726356043818,-0.5078927842961015,1.2023476850296884
234,2017,1,-1.414413211535785,1.0621140853435405,-0.4506729651475408,0.9909540739703794,0.1400758990655857,1.9118053536183728,-0.8112113372655735,1.783717333146683
235,2017,2,-0.6608852482266792,0.7738533073656938,-0.6704829634876022,0.6704829634876022,0.6731205920738381,1.3929359532582488,-1.206869334277684,1.206869334277684
236,2017,3,0.7552805358058821,0.49332485552271965,0.11936756255081457,0.39314170211254124,0.8531022969579872,0.8879847399408954,0.21486161259146624,0.7076550638025743
237,2017,4,-0.5754584968560399,0.8383496586696032,0.760918291032299,0.760918291032299,0.741396929660179,1.5090293856052859,1.3696529238581383,1.3696529238581383
238,2017,5,0.4008374406736852,0.7934486141256855,-0.1649625043753454,0.5763404072113975,0.6670846610951054,1.4282075054262338,-0.29693250787562175,1.0374127329805154
239,2017,6,-0.35179718807951654,0.9451961000031976,-0.3401115900173583,0.7307942786879877,0.011403634130745566,1.7013529800057559,-0.6122008620312449,1.315429701638378
240,2017,7,-12.012939040686804,0.6491631226433723,-0.6166103500034736,0.6166103500034736,0.4069908262844872,1.16849362075807,-1.1098986300062526,1.1098986300062526
241,2017,8,-11.273075610487513,0.7932159695113241,-0.7699231189392319,0.7699231189392319,0.30725624419987985,1.4277887451203835,-1.3858616140906175,1.3858616140906175
242,2017,9,0.45132828786870893,0.6164472865107365,-0.12282263363996056,0.544725304111348,0.8275329816227368,1.1096051157193259,-0.221080740551929,0.9805055474004264
243,2017,10,-0.26835728389910507,0.44250299572744695,-0.22936452863638335,0.3439921335186529,0.18006584588051852,0.7965053923094045,-0.41285615154549005,0.6191858403335752
244,2017,11,-0.8022394162574851,0.8087104287462226,-0.5604597255367497,0.7445445502519957,0.09448455058836562,1.4556787717432007,-1.0088275059661496,1.3401801904535924
245,2017,12,-0.655680128279728,0.4882466397073582,0.3741042990006644,0.41234231571793395,0.39511731216113194,0.8788439514732448,0.6733877382011959,0.7422161682922811
246,2017,annual,0.9029534232168284,0.7471138764158524,-0.22062384245088032,0.628508007796832,0.9114162830592576,1.3448049775485342,-0.3971229164115846,1.1313144140342977
247,2018,1,0.4326216358174638,0.6142299325163395,-0.21447555217435582,0.5254264462510825,0.6901813204597632,1.1056138785294112,-0.3860559939138405,0.9457676032519485
248,2018,2,0.1074602141228378,1.0628145044144044,0.7810347500642871,0.8885720529289486,0.9045985750673545,1.913066107945928,1.405862550115717,1.5994296952721074
249,2018,3,-0.9654320583712994,1.9247531112796632,1.760515579060509,1.760515579060509,0.7624393645627612,3.464555600303394,3.168928042308916,3.168928042308916
250,2018,4,0.3096611109954721,0.9141786469827039,0.46109738616072404,0.7519357704295849,0.6213196619044926,1.645521564568867,0.8299752950893033,1.353484386773253
251,2018,5,0.2600078382905293,0.38276234498832123,-0.17573098052614108,0.32598954114260914,0.5517540469157213,0.6889722209789783,-0.31631576494705393,0.5867811740566965
252,2018,6,-0.042206986337315566,0.3459786611403083,-0.03751245044655522,0.28654951667981476,0.068298660142708,0.6227615900525549,-0.0675224108037994,0.5157891300236666
253,2018,7,-0.1079053438491484,0.6395135263122598,0.27387588824278464,0.42377257759638914,0.16227101882014397,1.1511243473620676,0.49297659883701234,0.7627906396735005
254,2018,8,-1.1779923538791093,0.5015052572376801,0.26277513618579423,0.3954523551400729,0.04196132912728833,0.9027094630278243,0.47299524513442964,0.7118142392521312
255,2018,9,-1.9540031917065837,0.45532610391152684,0.3293235621786949,0.3802315619874407,0.17449779129313964,0.8195869870407483,0.5927824119216508,0.6844168115773932
256,2018,10,-2.919925487818531,0.763755658924656,0.11667919729711232,0.6663522572295406,0.044792907281034515,1.3747601860643808,0.21002255513480217,1.1994340630131732
257,2018,11,-0.6408140418409922,0.9877424745391737,0.7513002704648736,0.8140542345102717,0.38656156822310694,1.7779364541705127,1.3523404868367725,1.465297622118489
258,2018,12,0.29422332951043084,0.6043894623626401,0.005460395060225779,0.4863924186514087,0.31530940924942175,1.0879010322527523,0.009828711108406402,0.8755063535725357
259,2018,annual,0.7969536691389765,0.8707479114904125,0.3558830838631669,0.6409974970340928,0.8313086169954577,1.5673462406827425,0.6405895509537005,1.153795494661367
260,2019,1,-0.8637363116242074,0.9647163963037678,-0.09208554343425525,0.8162580543501063,0.14233634424623753,1.7364895133467821,-0.16575397818165946,1.4692644978301914
261,2019,2,-0.5545515197918911,1.4340998430502456,1.0432321776829567,1.1964027292222887,0.27207876198709235,2.5813797174904423,1.8778179198293221,2.15352491260012
262,2019,3,-0.5739841188601151,0.7579789866782174,0.2572559022898778,0.6499699573490337,0.8373320440807663,1.3643621760207914,0.4630606241217801,1.1699459232282607
263,2019,4,0.8697505108410483,0.7413393442973084,0.40618609109905973,0.49705061415960805,0.9152106367997235,1.3344108197351552,0.7311349639783076,0.8946911054872945
264,2019,5,0.3389175891229569,0.7733865937520649,0.09209963590588481,0.5905106642387656,0.4265936419076549,1.3920958687537168,0.16577934463059266,1.062919195629778
265,2019,6,-0.10256687463140435,0.5858717736240407,-0.22695941226797245,0.459226536858517,0.08773347653700721,1.0545691925232734,-0.4085269420823504,0.8266077663453306
266,2019,7,-3.2124081047338624,0.5690171684609445,-0.4575230545651972,0.49833822126704036,0.03087622085233277,1.0242309032297001,-0.823541498217355,0.8970087982806727
267,2019,8,-3.1830104330960163,0.5112532081984585,-0.41146838116144435,0.45451003454992883,0.01417297370949106,0.9202557747572254,-0.7406430860905998,0.8181180621898719
268,2019,9,-0.1387811152134566,0.6218576345930467,-0.12737985305546987,0.37969590395047786,0.00039876651070308317,1.1193437422674841,-0.22928373549984576,0.6834526271108602
269,2019,10,-0.3721711662013849,0.8975084951964036,0.5680220390094034,0.6552006341714878,0.28333646257195133,1.6155152913535267,1.022439670216926,1.179361141508678
270,2019,11,0.3476258066602991,0.7987887354927278,-0.21315983760436658,0.667266947073499,0.5682228992528361,1.43781972388691,-0.38368770768785987,1.201080504732298
271,2019,12,-0.5614890586650565,0.965334486007428,-0.7680611350331294,0.810861795125473,0.6587838329528453,1.7376020748133705,-1.382510043059633,1.4595512312258514
272,2019,annual,0.879106775000299,0.8314314380475042,-0.0021738795243680586,0.636552347046833,0.8793664776867152,1.4965765884855076,-0.003912983143862505,1.1457942246842994
273,2020,1,-0.07095368175046701,0.718535778744597,-0.27089579585734214,0.5154073656900818,0.0969696154218512,1.2933644017402746,-0.48761243254321585,0.9277332582421474
274,2020,2,-1.0866279811637316,1.000579357675581,0.9011897062746203,0.9011897062746203,0.6788627953996751,1.801042843816046,1.6221414712943165,1.6221414712943165
275,2020,3,-5.805434606277201,2.149687922327348,2.0387374988220848,2.0387374988220848,0.3199388328324543,3.8694382601892263,3.6697274978797525,3.6697274978797525
276,2020,4,0.3610379962000325,1.0627211899999165,0.7575024889733293,0.8159258442969841,0.7448023184093872,1.9128981419998496,1.3635044801519927,1.4686665197345714
277,2020,5,-0.18173717758817354,0.8361736562393928,0.6151031044442067,0.7112301685142632,0.7214491690775002,1.505112581230907,1.107185587999572,1.2802143033256739
278,2020,6,-0.397395028695249,0.641542162649651,0.4473864657575236,0.5233125329925826,0.31065067039610894,1.1547758927693719,0.8052956383635426,0.9419625593866487
279,2020,7,-5.409781309512378,0.648607379841234,0.5699018712028411,0.5900933589360403,0.017258968628121898,1.1674932837142211,1.0258233681651139,1.0621680460848726
280,2020,8,-0.4079244478499795,0.7210849385150702,0.35891363478969857,0.5486337950077682,0.010775475805034908,1.2979528893271264,0.6460445426214574,0.9875408310139828
281,2020,9,0.01546205627918995,0.6643310857298317,0.02750919274392783,0.5647023186998219,0.10689917844466824,1.1957959543136971,0.049516546939070094,1.0164641736596796
282,2020,10,-0.4936847214917295,1.152961612525328,-0.03140393679833678,0.9801950589108696,0.27734071202963817,2.0753309025455904,-0.056527086237006204,1.7643511060395651
283,2020,11,-2.0264263208132838,1.4573607368053352,1.3020851629517936,1.3020851629517936,0.6398016675635637,2.6232493262496033,2.3437532933132283,2.3437532933132283
284,2020,12,-0.8083825393172759,0.6528985305748397,0.3197423652672513,0.5161469751549798,0.6047244290876318,1.1752173550347116,0.5755362574810524,0.9290645552789636
285,2020,annual,0.7339123564457597,1.0670664453003567,0.5840766715648735,0.8339591478205415,0.8151304742208304,1.920719601540642,1.0513380088167723,1.5011264660769748
286,2021,1,0.47963478386803693,0.6833360952285368,-0.14743086669223085,0.5512950313580858,0.6065557339753174,1.2300049714113663,-0.26537556004601554,0.9923310564445544
287,2021,2,0.2349546828033835,0.4894395972612243,0.14998493350032163,0.37855358047185905,0.35927034768693766,0.8809912750702038,0.2699728803005789,0.6813964448493464
288,2021,3,-0.31403512436774506,1.1437269943707105,0.9255215991715259,0.990811779813661,0.7777104984983187,2.058708589867279,1.6659388785087466,1.7834612036645898
289,2021,4,-6.470557011476753,2.083552962423877,1.1897047351982613,1.3226933441879791,0.6337666851453825,3.750395332362979,2.1414685233568704,2.3808480195383623
290,2021,5,-3.065294934950506,1.6489389960433811,1.153010414120542,1.407804544412447,0.24810737919285097,2.968090192878086,2.0754187454169757,2.5340481799424044
291,2021,6,-1.2384501268579786,0.8982787202277092,-0.5678175736325992,0.7007412202628317,0.001909723682674801,1.6169016964098766,-1.0220716325386787,1.261334196473097
292,2021,7,-0.6295190572110585,0.6793528019087488,-0.08417338782909753,0.4700333930445677,0.15194678958330285,1.2228350434357478,-0.15151209809237556,0.8460601074802219
293,2021,8,-2.3159148754075534,0.7901929612375195,0.5877575889789002,0.6514426364997554,7.131178474615395e-05,1.4223473302275351,1.0579636601620204,1.1725967456995599
294,2021,9,-6.409448893823142,1.0330294641003281,0.7525435899649813,0.85443081462075,0.0005941678228154413,1.8594530353805907,1.3545784619369663,1.53797546631735
295,2021,10,-2.5255537815940756,1.1793642509759608,1.0732650894376916,1.0732650894376916,0.40610476649490285,2.1228556517567294,1.931877160987845,1.931877160987845
296,2021,11,0.6872179064517667,0.67707104756116,0.15820921788096864,0.5954222190703268,0.8729823600874161,1.218727885610088,0.2847765921857436,1.0717599943265883
297,2021,12,0.8766482590433219,0.5509033537646353,0.03706078645677652,0.45083225681855293,0.9027549449165376,0.9916260367763435,0.06670941562219773,0.8114980622733953
298,2021,annual,0.8628963367779248,1.08844914895712,0.43855924699541016,0.7897483695079349,0.8993524528223114,1.959208468122816,0.7894066445917383,1.421547065114283
